<?xml version="1.0" encoding="UTF-8"?>
<deploy xmlns="http://www.apache.org/ode/schemas/dd/2007/03" xmlns:instrumentationService="http://a4bp.com/instrumentationService" xmlns:sample="http://eclipse.org/bpel/sample">
  <process name="sample:tesis001">
    <active>true</active>
    <retired>false</retired>
    <in-memory>true</in-memory>
    <process-events generate="all"/>
    <provide partnerLink="client">
      <service name="sample:tesis001Service" port="tesis001Port"/>
    </provide>
    <invoke partnerLink="a4bpIntegration">
      <service name="instrumentationService:A4bpInstrService" port="A4bpInstrServiceHttpSoap11Endpoint"/>
    </invoke>
  </process>
</deploy>